customer_id,customer_name,email,phone,city,state,country
301,Evelyn Anthony,tpaul@example.com,(942)629-1376x1213,Lewismouth,GU,Mexico
302,Meagan Green,zcruz@example.net,835-458-2818x60166,West Ericview,CA,Brazil
303,Christopher Miller,tara72@example.com,4026448255,Lake Jamiemouth,CA,Bhutan
304,Larry Bradley,megan90@example.net,828.687.6902x40416,Watsonborough,MD,Monaco
305,Leslie Stephens,lindseywolfe@example.com,961.218.6171x347,Nancyside,ND,Bermuda
306,Michelle Murphy,juliaanderson@example.com,(591)871-3736x71106,North Keith,WA,Liechtenstein
307,Christopher Bauer,margaret22@example.com,571.502.1846x947,Carlaborough,FL,South Georgia and the South Sandwich Islands
308,Samantha Smith,donald51@example.net,905.361.8078x553,Williamsview,CO,Australia
309,Jodi Ellis,lindasilva@example.org,+1-974-442-9118,Erinmouth,SD,Eritrea
310,Sarah Velasquez,urichardson@example.org,706-288-7805,West Laurenshire,PR,Nepal
311,Shelly Glover,brent94@example.com,663-788-8262,Paulmouth,FM,Ukraine
312,Kevin Doyle,sandralopez@example.net,+1-549-388-7737,East Joshua,NY,Gibraltar
313,Debbie Kennedy,bentleyjohn@example.com,001-238-655-0749,South Julie,NM,Sao Tome and Principe
314,Sean Smith,jessicacharles@example.com,+1-305-275-0508x4901,East Jill,CO,Aruba
315,Ms. Alyssa Lewis,ryanfernandez@example.com,+1-724-430-2072x9048,West Kaitlynfurt,IA,Papua New Guinea
316,Christopher Lucas,caitlinlopez@example.com,(843)339-1090x8345,South Amanda,ND,Czech Republic
317,Amy Blanchard,evanfisher@example.org,(907)651-9274x512,East Audreyburgh,OK,Tokelau
318,Sherry Parker,josephstevens@example.net,404-550-5929,Lake Andrew,WV,Moldova
319,Sierra Dorsey,jacquelinebryant@example.com,7187436421,South Thomasside,AZ,Egypt
320,Susan Mitchell,sherrypadilla@example.com,(646)544-4634,North Nicole,SD,Equatorial Guinea
321,Julie Smith,kenneth95@example.com,7482383817,Sarahstad,TN,Gambia
322,Christopher Stewart,costajessica@example.org,(649)529-8809x17372,Port Robertview,RI,Iceland
323,Sherry Stanley,robert87@example.net,714-458-5569,Sharonland,CA,Western Sahara
324,Jamie Henson,lewisaaron@example.com,001-738-703-4121,Port Anna,MA,Seychelles
325,Joshua Ortiz,agreen@example.org,+1-792-527-7791,North Meghanbury,GU,Bouvet Island (Bouvetoya)
326,Tracey Whitehead DDS,brian05@example.net,272-939-9400,Port Betty,KS,Belarus
327,Anthony Fischer,fjohnson@example.com,691-782-3224x5353,Warefurt,MO,Gambia
328,Kelly Franklin,james62@example.net,611-255-1703x74003,Karimouth,RI,Hungary
329,Richard Davis,usilva@example.com,001-448-764-6516x7884,Port Ashley,SD,Mongolia
330,Jamie Martinez,gwilliams@example.org,+1-954-732-4727,Lake Kennethburgh,MD,Serbia
331,Donna Hernandez,jbriggs@example.com,(945)284-4372,Rowlandberg,ND,Greenland
332,Marvin Thomas,teresa96@example.org,396.492.5508,Lake Susanshire,KY,Guinea-Bissau
333,Jesse Simmons,jessicanewman@example.net,(439)555-1666x952,New Melissatown,DC,Chile
334,Isabella Benson,paige42@example.com,(799)278-0540x15662,Jamesstad,OH,Jamaica
335,Morgan Sellers,pamela82@example.net,947.552.2518,Hollytown,MD,Germany
336,Daniel Rowe,nmaxwell@example.com,610.774.8711x22848,Port Mark,NC,Argentina
337,Jennifer Williams,chris60@example.org,001-887-203-3494x651,Stevenburgh,OK,Tonga
338,Marilyn Gutierrez,justin71@example.net,(369)655-1163,South Rebeccaborough,TX,Saudi Arabia
339,Lori Walker,smartinez@example.com,637-214-8413x26362,East Christopher,DE,Greece
340,Jamie Salinas,benitezchristopher@example.net,948.660.7304,South Timothyshire,HI,Poland
341,Joshua Bishop,mgraves@example.org,(996)273-5887,Bradleychester,SD,French Polynesia
342,Christopher Johnson DDS,carl32@example.com,001-244-930-2492x5410,Jasonbury,TX,Rwanda
343,Ashley Clayton,jprice@example.com,878-422-3347,North Alyssaland,PR,Australia
344,Cynthia Pena,joseph92@example.net,988-769-7702x622,Jenniferfurt,IN,Romania
345,Michael Perez,christina95@example.org,570.799.1962x082,Lake Amandatown,WV,Tonga
346,Albert Smith,travis82@example.com,421.604.6291,Lake Allison,NJ,Iraq
347,Crystal Summers,fbrown@example.com,311-818-2698x4269,West Amanda,PA,Norway
348,Mrs. Desiree Garcia DDS,santanascott@example.com,(437)377-9195x662,North Autumn,TN,Brazil
349,Christopher Garcia,smithheather@example.org,001-910-416-3797x7891,Richardmouth,VT,United States Virgin Islands
350,Pamela Allen,grantjohnson@example.org,615-496-7974,South Mark,PA,Mongolia
351,Shannon Murphy,patrickmichael@example.com,807-506-7679,Port Gregoryview,DC,Turkmenistan
352,Felicia Williams,robert44@example.com,(603)304-3283,Michaelfort,IL,United States of America
353,Theresa Anderson,hannahmorse@example.net,271-666-1238x6202,East Toddberg,PA,San Marino
354,Steve Campbell,ijones@example.org,+1-949-579-1854x2611,Alexandermouth,TX,French Guiana
355,Jeffrey Holmes,tammy96@example.net,993.362.8289,South Caitlinchester,MT,Brunei Darussalam
356,Krystal Smith,ldiaz@example.net,693-641-7273,Williamton,CT,Jersey
357,Amy Miller,cassiecarter@example.org,590.247.8076,Angelabury,MO,Egypt
358,Jesus Young,kennedykimberly@example.net,534.655.7869,East John,SD,Tuvalu
359,Brian Mcbride,silvaamanda@example.net,001-306-593-4693x6836,East Sheryl,AL,Pitcairn Islands
360,Jennifer Crosby,johntaylor@example.net,9948469345,Hunterhaven,NY,France
361,Joshua Frank,rebeccagraham@example.net,2006992437,Port Shauntown,CT,Cote d'Ivoire
362,Daniel Lee,nicholas17@example.com,(335)584-7029,Kelleyberg,NV,Finland
363,Rachel King,anthonygarcia@example.net,693-406-1077,Lake Heatherfort,NH,Kiribati
364,Yolanda Williams,michael32@example.net,001-813-570-0033x2116,Michaelchester,GA,Mongolia
365,Terry Edwards,charles18@example.com,642.557.6980x75866,South Teresa,SC,Romania
366,Darin Torres,fking@example.org,682-446-6438x68769,North Annchester,NM,Pitcairn Islands
367,Annette Long,xnichols@example.net,916.820.9208x5207,Thomashaven,AZ,Greenland
368,Daniel Harris,bernardkelly@example.com,580-962-8381x2260,New Brittanytown,NH,Portugal
369,Jared Olsen,jonathanking@example.org,461-589-0361x140,Port Carrieland,FL,Vanuatu
370,Mr. Mark Chambers,reynoldsamy@example.com,302.218.6391,Delgadoton,MS,Taiwan
371,Elizabeth Nelson,rebecca02@example.org,405.668.8121,New Kevin,NY,Kuwait
372,Brian Hale,stacywalker@example.com,(588)760-6941x87472,Derekburgh,NE,British Virgin Islands
373,Lindsey Huynh,lfigueroa@example.net,340.914.6534x78171,Cookmouth,AR,Jamaica
374,Christopher Cross,kyle80@example.net,+1-618-794-5763x410,Lake Patrickburgh,VI,Namibia
375,Kristina Hughes,trevor18@example.net,707-382-6151,Bradleymouth,CA,Venezuela
376,Michael Hicks,ramirezdenise@example.com,200-646-8208,Haynesmouth,AS,Timor-Leste
377,Paige Fry,joshua99@example.org,+1-929-332-5551x0385,Port Wendychester,MH,Saudi Arabia
378,Robert Cunningham DVM,philipgreen@example.net,001-421-418-6614x8209,Kimmouth,AS,British Indian Ocean Territory (Chagos Archipelago)
379,Sandra Jordan,williamswhitney@example.net,(588)473-2329,New Lindaberg,AS,Northern Mariana Islands
380,Tabitha Davis,mcervantes@example.net,277-926-2553,Douglasstad,MT,Mauritius
381,Elizabeth Yang,kjimenez@example.net,001-825-722-2860x5579,Port Justinmouth,WA,Luxembourg
382,Corey Myers,kathleen98@example.org,(589)795-1571x486,Youngland,UT,Gabon
383,Shelly Cook,stacyfarmer@example.com,001-271-950-8386x02810,Jeffreyton,FL,Cape Verde
384,James Brown,troyreese@example.net,6879443641,Westview,NJ,Turks and Caicos Islands
385,Aaron Gray,baileymarco@example.org,995-445-7060x9695,Joshuafort,CO,Grenada
386,Mark Larson,connerjackie@example.org,753.568.5745x0656,Port Amber,IA,Greenland
387,Jeff Odom,joemitchell@example.net,829-864-1572x41817,South Frank,AR,Ukraine
388,Justin Moreno,richard36@example.net,885-503-1643x8743,East Ruthside,IL,Belarus
389,Jasmine Smith,scott44@example.net,932-928-0015x30353,Port Colinton,IL,New Zealand
390,Matthew Clay,hollyevans@example.net,491-916-9831x4196,Port James,VT,United States of America
391,Kristen Morgan,ywood@example.org,704-251-0827x593,West Kathleenshire,MN,Andorra
392,Ashley Richards,andersonjohnny@example.net,+1-594-983-1255x66715,Johnsonport,FL,Palestinian Territory
393,Teresa Lopez PhD,rhubbard@example.org,001-604-962-7100x2167,Taylormouth,NY,Iran
394,Samuel Cole,contrerasjacob@example.org,7202078369,Brianfurt,VT,Kenya
395,Morgan Johnson,crystalwheeler@example.com,282-404-9219x83877,Riveraview,MH,Brunei Darussalam
396,Nicolas Ross,michael32@example.net,510-900-7935x80429,Thomasburgh,DE,Gabon
397,Jeremiah Knight,jasmine46@example.net,(683)958-9838,South Kimberly,WA,Oman
398,Erin Kelly,kingjose@example.org,442.659.7431,Romeroside,PR,United Arab Emirates
399,Bob Mcclure,fvang@example.com,355-581-4931,Pattersonchester,IL,Suriname
400,Clarence Nichols,qkline@example.com,863.391.7050x988,New Chelseyside,SD,Jordan
401,Timothy Hood,vjones@example.org,(980)415-6097x01467,Hollytown,ME,Senegal
402,Sarah Mccann,sarahsmith@example.com,3889076279,Shawfort,MA,New Caledonia
403,Laura Cox,ddeleon@example.org,001-954-486-7872x6922,New Paige,AR,Pakistan
404,Steven Johnson,markwright@example.net,001-295-383-8158,Derekville,CA,India
405,Phillip Dominguez,russellandrew@example.net,(633)667-1638x0512,Rebeccafurt,IN,Palau
406,Nathan Yoder,ebishop@example.net,(232)298-5122,Sherrychester,SD,Western Sahara
407,Amanda Cook,jasoncole@example.net,001-625-211-9928x0598,Valeriehaven,ME,Suriname
408,Darren Rowe,rebeccabass@example.net,+1-395-591-3404x2499,Joycehaven,VI,Bulgaria
409,Anthony Smith,aguilarjames@example.org,(287)848-5079x0564,Chaseside,AS,Kyrgyz Republic
410,Zachary Duke,stokesjennifer@example.org,951.523.2998,West Emily,DC,Eritrea
411,Eric Martin PhD,qjones@example.net,001-711-748-8604x00208,Dodsonburgh,AL,Saint Lucia
412,Monique Smith,simmonsdarin@example.com,496.545.0054x5844,North Ericmouth,CA,Albania
413,Mrs. Holly Dunn MD,valentinekathleen@example.org,+1-218-664-7342x213,New Marie,AK,Mali
414,Lacey Rodriguez,swheeler@example.org,242.384.7710x6471,Mcphersonbury,CO,Namibia
415,Henry Ferguson,ktaylor@example.net,+1-868-794-9119x94825,Port Danielburgh,LA,Niger
416,Mark Roman,dflowers@example.net,389.292.7925,Myershaven,NY,Suriname
417,Randall Williams,williamthompson@example.net,5116310672,Anthonybury,OK,Isle of Man
418,Karen Stevens,clayton68@example.com,774.783.6069,East Jennifer,HI,Slovenia
419,Francisco Grant,michaelbrewer@example.com,+1-364-496-0648x020,Colemanchester,FL,Jersey
420,Kayla Ford,meadowskristina@example.com,288.935.4157x35815,East Roy,VI,Dominica
421,Victoria Peters,dtaylor@example.net,797-948-2285x79159,Richardfurt,MD,Rwanda
422,Christopher Chaney,markgarcia@example.com,001-538-878-8813x82535,Annechester,CA,Antarctica (the territory South of 60 deg S)
423,Sean White,gabriellaosborne@example.com,985-215-6616,Port Robertmouth,MT,New Zealand
424,Benjamin Marshall,mikeblake@example.com,639.686.2833x844,South Paul,SD,Moldova
425,Jenna Boyd,christophercharles@example.net,2054166330,Soniamouth,TX,Belize
426,Gregory Lawson,lee16@example.net,492.587.7956,Joyshire,OH,Bahrain
427,Troy Rodriguez,cynthiakelly@example.com,+1-526-741-6588x6736,North Jason,PW,Algeria
428,Jeffrey Miller,nalvarado@example.org,339.803.7041x6044,Michaelside,MS,Denmark
429,Ann Cook,victoriamendez@example.net,845-976-2717x23791,South Laura,KY,Saint Lucia
430,Randall Brown,olivergary@example.com,520.659.7842x908,New Seth,PW,Lebanon
431,Courtney Garrett,ramseydana@example.net,585.436.6184,Haynesside,NH,Ukraine
432,Steve Campbell,nwest@example.com,522-411-9083,New Matthew,FL,Brazil
433,Andrea Dickerson,hpayne@example.net,424-570-1290,Michellemouth,AR,Niger
434,Kathy Dillon,davidlisa@example.net,+1-945-750-2859x8158,South Wendyhaven,TX,Sierra Leone
435,Alexander Rivera,jonathanpreston@example.net,305-912-1934x83454,New Patrickside,GA,Pitcairn Islands
436,John Cummings,halljoanne@example.com,(697)479-3571,North Ethanshire,VA,Korea
437,Melinda George,woodssteven@example.com,(532)957-7321x1424,North Kathryn,DC,Malaysia
438,Christine Hernandez,shannon26@example.org,(583)854-3284,Ianville,NE,Turkey
439,Jessica Edwards,faulknermelanie@example.net,590-622-1605x1817,Gillview,AL,Pakistan
440,Robert Price,dianejohnson@example.com,+1-849-452-0214x0596,Port Natasha,WA,Guinea-Bissau
441,Jonathan Blackburn,macdonaldleslie@example.com,625-889-5094,South Megan,UT,Portugal
442,Michelle Cain,brady05@example.com,551.697.3742,Port Michael,FL,Nauru
443,Sarah Flynn,walteranderson@example.com,3032410748,Port Christine,NH,Niue
444,Paul Jones,nwilliams@example.com,+1-365-240-3411x925,Jeffreyhaven,AR,Namibia
445,Paul Martinez,amanda28@example.com,001-630-882-5497x82918,East Sara,GU,United Kingdom
446,Amanda Dean,ubanks@example.com,+1-539-283-2440x1976,West Katherine,MH,Faroe Islands
447,Brett Cabrera,griddle@example.com,320.977.4821,Lake Tannerstad,AS,Mali
448,Sharon Ellis,flewis@example.net,+1-354-359-4257x959,Hayeston,MD,Mali
449,April Douglas,christopherdavis@example.org,935-429-1798x7061,North Kristinachester,VT,Cameroon
450,Beverly Myers,cabrerajohnny@example.com,(745)979-3198x51845,South Oliviastad,WI,Guatemala
451,David Pacheco,brandyharrell@example.net,(664)833-6491,North Linda,DC,Somalia
452,Eric Cruz,robertlittle@example.org,896-597-8825x29866,Coxland,MP,Bhutan
453,Thomas Valentine,marshallerika@example.net,001-473-933-6856,New Michael,MN,Paraguay
454,Beth Gillespie,alansparks@example.com,001-530-753-1936x98873,North Matthewmouth,CA,Burkina Faso
455,James Hawkins,gdavis@example.org,380.424.9672x825,Ashleyland,OK,Austria
456,Jacqueline Gross,georgejohnson@example.com,2038004173,Vargasmouth,GU,Bhutan
457,Mary Mcbride,aberg@example.com,(419)751-1810,Shawfurt,ME,Palestinian Territory
458,Leslie Douglas,deborahallen@example.org,982-656-7281,Madelineport,MH,Sierra Leone
459,Trevor Valenzuela,huffjay@example.com,(639)753-4618x7417,Meganbury,OR,Saint Vincent and the Grenadines
460,Jessica Smith,marcusflores@example.net,651.770.3059x1532,Jamesland,OR,Iraq
461,Martin Thompson,knorman@example.com,481.552.5141x39754,Penningtonburgh,WI,French Polynesia
462,Nathaniel Klein,dgonzales@example.org,365.458.1379x76864,North Angela,OH,Cambodia
463,Meredith Martin,ystevenson@example.net,536.618.8682,Lake Juanshire,VI,Madagascar
464,Joshua Long,meyerstephanie@example.com,001-799-773-9523x67899,Elizabethland,MT,Ecuador
465,Jasmine Johnson,xgriffin@example.org,772.455.7177,East Marthafurt,SC,Croatia
466,Eric Benson,vcarlson@example.com,937.937.7043,East Conniestad,IA,Denmark
467,Vanessa Bishop,amanda58@example.org,916-668-1608x9743,Mendeztown,IA,Spain
468,Guy Davis,jeremyhernandez@example.net,(777)599-2631,Richardton,OR,Belize
469,Brittany Barnes,adamsjanice@example.org,001-808-666-0029x5008,West Andrew,NE,United Kingdom
470,Lauren Thompson,jefferyedwards@example.com,001-828-324-8512x6970,Seanberg,KS,Norway
471,Jesse Hill,dorseyjulie@example.org,(885)266-2008,Port Anthonyborough,FM,Paraguay
472,Gabrielle Benson,mark69@example.com,(852)238-5602x9022,Port Amanda,NY,Guernsey
473,Erica Ferguson,martinezgregory@example.org,+1-462-985-9148x4625,Bryanmouth,MA,Bolivia
474,Gregory Smith,vjensen@example.com,683.348.9214x0343,East Eric,FL,Congo
475,Lawrence Roach,jonesstacy@example.com,001-721-778-2253,Hunterfurt,LA,Panama
476,Michael Anderson,cyates@example.net,783.842.9850x610,Jamieview,MO,Ethiopia
477,Larry Hahn,ogould@example.org,001-993-950-9729x03987,New Jefferystad,MD,Philippines
478,Sara Carter,markmurphy@example.com,7757433220,Meadowsbury,HI,Croatia
479,Douglas Smith,yangjessica@example.com,+1-770-653-5300x841,Jasonborough,NJ,Indonesia
480,Nicole Rivera,blanchardjoshua@example.com,924-392-3171,West Kevinborough,GA,Kenya
481,Jordan Wood,chelseagonzalez@example.com,823.785.2524x57778,Dianeburgh,OR,Vietnam
482,Herbert Harris,emilyramirez@example.org,694.530.6899x477,New Shawnchester,MD,Ukraine
483,Lori Miller,utucker@example.net,773.511.3960x51521,Joanneside,CO,Suriname
484,Dustin Wallace,lopezchristina@example.net,2346685237,Johnsonhaven,WV,Spain
485,John Yates,mspence@example.net,490-310-2174,Port Jennifermouth,OK,Iceland
486,Lisa Hall,eallen@example.org,001-304-591-8545x18404,Jamesfort,MA,Bolivia
487,Derek Powell,jeffreysmith@example.org,697.967.8615,Mannside,TX,Paraguay
488,Christopher Miller,jacksondavid@example.com,001-215-235-3742,Port Nicholas,NC,New Zealand
489,Joseph Huff,julia96@example.org,001-859-967-4124x84009,Lake Robertland,CA,Slovakia (Slovak Republic)
490,Michael Collins,wdavis@example.net,001-927-652-7508x92328,Sullivanside,DE,Falkland Islands (Malvinas)
491,Heather Cummings,elizabeth07@example.net,285.736.0221,Haneyfort,SD,Saint Barthelemy
492,Jonathan Olson,matthewsuarez@example.net,421.228.1668x090,Robinsonfurt,NV,Honduras
493,Adam Richardson,robert59@example.net,860.907.2972,Lake Curtismouth,NE,British Indian Ocean Territory (Chagos Archipelago)
494,Nicole Mcmahon,davidyoung@example.com,750.724.6325x647,North Brianna,NC,Tokelau
495,Courtney Miller,davispaul@example.net,568-902-2702,Shirleyview,LA,Ireland
496,Andrew Rodriguez,bradley85@example.com,001-988-315-6424x742,Michaelfurt,IN,Burkina Faso
497,Robert Garrison,dyoung@example.net,783-518-2084,North Sarahchester,MO,Morocco
498,Tara Taylor,dsalazar@example.org,+1-540-350-8581x39579,West Angelamouth,WY,Liechtenstein
499,Brittany Evans,dharper@example.com,(778)879-5940x36992,Port Allison,DC,Malawi
500,Bobby Taylor,lewisstephanie@example.net,+1-306-532-1582x05013,Port Diana,MI,Singapore
501,Ronald Casey,lmorgan@example.net,(432)254-3571x8640,Prestonfurt,HI,Congo
502,Jacqueline Burke,steven65@example.org,+1-884-442-0665x54435,Bellville,NC,Egypt
503,Joshua Walter,vanessacobb@example.org,+1-363-951-7968,Chavezburgh,CA,Costa Rica
504,Suzanne Walter,troy50@example.org,(976)854-3574,North Natashamouth,ME,France
505,Robert Romero,alexandra44@example.org,+1-501-446-2008x12321,New Cynthiafurt,AR,Haiti
506,Douglas Hayes,obaker@example.net,001-931-783-1425x5363,Rachelmouth,IL,Zimbabwe
507,Michael Gamble,alexissheppard@example.com,(238)353-3490,Berryberg,AR,Turkey
508,Matthew Castillo,nwhite@example.com,2803132592,Wagnerfort,NC,Denmark
509,Kimberly Briggs,josemiller@example.org,243-318-6700,North Reginafurt,MN,Guernsey
510,Ashley Bryant,dlarson@example.net,(610)747-9851,Port Christina,WA,Libyan Arab Jamahiriya
511,David Allen,lhowe@example.net,933-865-7623x309,Jamesbury,TN,Ireland
512,Brian Robertson,james99@example.com,(454)497-3343x36182,Port Joshuafort,PR,Madagascar
513,Antonio Reyes,zperez@example.org,4112230319,Liuside,DE,Guernsey
514,Brandy Flynn,tracymiranda@example.org,(678)993-6255,North Jacob,WI,Antarctica (the territory South of 60 deg S)
515,Kristen Wallace,jessica21@example.org,+1-392-932-5651x83492,North Anthony,OK,Bangladesh
516,Mary Farrell,bethanymiller@example.com,001-619-429-4318x585,Garciaborough,VA,Qatar
517,Stacie Walker,rpruitt@example.com,791.285.2046x73240,Ronaldfort,TN,Mauritania
518,Kevin Perez,uromero@example.net,280-575-1268x93589,Smithtown,VA,Botswana
519,James Chambers,ronnie61@example.net,+1-332-318-7538x04441,New William,FL,Saint Helena
520,Crystal Dominguez,clinemelinda@example.org,(843)515-6258x14531,Sparksland,CA,Holy See (Vatican City State)
521,Stephanie Jackson,oliverbrian@example.com,861-399-1460x808,Moralesside,MN,United States Minor Outlying Islands
522,Arthur Harrison,kimberlyelliott@example.net,452-302-4425x9068,South Destinyborough,OK,Macao
523,Connie Escobar,erikwatson@example.net,+1-285-845-3442x993,Robinport,ID,Israel
524,Jason Martin,bowenkeith@example.net,311.541.9269,Wrightstad,OR,Malaysia
525,Sandra Andrade,johnsonashlee@example.net,+1-748-619-3804x973,West Tracymouth,WY,Madagascar
526,Brian Juarez,joseph64@example.com,201-687-4571,Lake Felicia,WY,Seychelles
527,Ryan Medina,bradleyowens@example.org,7106408478,New Tracifurt,AL,Isle of Man
528,Charles Gonzalez,simpsondonald@example.org,001-468-427-4700,Carolynhaven,WV,Botswana
529,Krystal Hall,nelsonallison@example.net,(212)992-6807x11382,Brooksmouth,MA,Saint Barthelemy
530,Jeffrey Noble,hawkinstracy@example.net,638.325.5609,New Emilyborough,GA,Hungary
531,Kyle Cobb,lewiszachary@example.org,(575)252-5355,Lake Dianestad,NM,Oman
532,Douglas Barrett,rbrady@example.com,6069622885,North Julie,GU,Algeria
533,Emily Taylor,james56@example.org,585-774-7002x00829,Smithchester,NV,Switzerland
534,Jillian Watkins,pittsangelica@example.org,818.218.7233,Jeffreystad,FL,Vietnam
535,Stephen Murphy,marksolomon@example.net,433.872.5999x888,North Brittany,WV,Panama
536,Dr. James Estes,heather84@example.com,+1-757-321-4488,North Michael,MH,Seychelles
537,Sarah Stafford,bankselizabeth@example.net,277-370-5056x2710,Grantview,ME,Faroe Islands
538,Tina Rodriguez,nortonrobert@example.org,242-410-2564,Lake Eric,NM,Zambia
539,Natalie Hicks,bdavis@example.org,543.262.7853x9583,New Mike,PW,El Salvador
540,Jennifer Barnett,zmurphy@example.org,(561)792-0942x87867,Lake Sean,TX,Saint Lucia
541,Shawn Ho,dunnjessica@example.net,+1-380-498-2867,Williamsport,DE,Jordan
542,James Rowland,urodriguez@example.com,+1-696-898-3446x5699,East Mary,NC,Cote d'Ivoire
543,Michael Ross,nathaniel19@example.net,001-361-364-5687,Port Anthony,HI,Cuba
544,James Gonzalez,yfreeman@example.net,+1-905-920-0785x23625,North Carlafurt,WI,Faroe Islands
545,Heather Smith,tuckernicholas@example.org,001-798-907-4755x99320,Cooperstad,TN,Tunisia
546,Phillip Henry,vbrown@example.net,001-385-984-6261x75979,East Sarahchester,GU,Libyan Arab Jamahiriya
547,Jacob Cruz,hnielsen@example.com,+1-344-925-0808x845,Ashleystad,DE,Netherlands Antilles
548,David Robbins,hobbswilliam@example.org,+1-761-299-2766x4538,North Hollystad,AS,Bahrain
549,Nicholas Woods,zmoore@example.net,549-951-7578,Jessicaberg,NJ,Malaysia
550,Patrick Campos,ginameyers@example.net,858.357.0453x57736,East Colleenburgh,FM,Micronesia
551,Timothy Perez,justinwang@example.org,(575)873-0381x684,West Samuelborough,MO,Cote d'Ivoire
552,Taylor Hill,erinjohnson@example.org,408.905.8742x8961,Wolfhaven,MI,Haiti
553,Michelle Jenkins,perryrobert@example.org,9063502238,Hernandezchester,ID,Saint Pierre and Miquelon
554,David Ramirez,alexandrasteele@example.org,780-602-1653x00286,Luisburgh,CO,Iran
555,Melissa Garcia,angel65@example.net,560-494-5880,Abbottmouth,GU,Bolivia
556,Trevor Taylor,amartin@example.com,(905)322-2940,South Laura,OH,Nepal
557,Alicia Holloway,dpaul@example.com,784-496-2351x07401,Travisfort,FM,Uzbekistan
558,Monica Smith,jenny33@example.org,553.965.7410,West Audrey,OR,Canada
559,Shawn Hester,danielsmith@example.com,5148597522,Colleenside,LA,Isle of Man
560,Dr. Lisa Woodward,luke49@example.org,778.914.4110,West Hannahview,NH,Myanmar
561,Mrs. Robyn Cook DVM,hubbardtim@example.com,997-224-5858x509,Yorkchester,GA,Norfolk Island
562,David Shaffer,mcmahonrebecca@example.net,(395)983-0048x682,Burkeville,WA,Kuwait
563,Kevin Andrews,ramirezrandy@example.net,773-691-8920,Judithfurt,AL,Greece
564,Michelle Bautista,amandagray@example.net,392.997.1659x83883,North Heathermouth,WA,Mexico
565,Matthew Golden,xadams@example.com,(321)849-9074,West Martinstad,RI,Romania
566,Donald Anderson,rogerpayne@example.net,389.211.7823,Jeremyland,NJ,Niger
567,Christina Smith,tommy45@example.net,+1-453-445-7407x0110,Davisfort,MA,Mayotte
568,Deborah Bell,kochdaniel@example.net,+1-299-613-1208,Port Brittany,UT,Spain
569,David Jefferson,jessica03@example.net,(418)989-3852x00562,East Jennaview,AR,Estonia
570,Scott Stevens,rodriguezmichael@example.org,+1-232-538-5466x01603,Melissaborough,AZ,Guernsey
571,Melvin Ball,charlespowell@example.org,802-713-8794,West Derek,NH,Hungary
572,Cynthia Webster,nicole56@example.org,318-819-2648x0983,West Reginald,IL,Bolivia
573,Charles Mullen,franknelson@example.com,856.232.6613,Wilsonhaven,MN,Slovenia
574,Melanie Freeman,coryjohnson@example.net,707.740.0922x02323,West Lauraland,UT,Sudan
575,Anne Thompson,brian58@example.org,(821)807-0007x36351,Francomouth,MP,Madagascar
576,Matthew Howard,ylee@example.com,235-411-3104,Jamesland,NY,Turks and Caicos Islands
577,Matthew Pena,ocooper@example.net,+1-643-399-1693x3908,Johnshire,CA,Puerto Rico
578,Corey Barnett,beckymcdaniel@example.org,+1-303-390-8462x875,North Fernando,KY,Jordan
579,Judith Chapman,heidilucero@example.net,001-638-245-4383x9811,South Thomas,KY,Yemen
580,Ryan Booth,longkelly@example.com,507-378-8499x10408,Port Rhonda,RI,Georgia
581,Wayne Nash,joseph32@example.org,995.609.4134x0184,Thomaschester,VT,Malaysia
582,Valerie Romero,orrregina@example.org,(482)962-8350x4521,Jasonside,MN,Comoros
583,Christopher Lewis,agarcia@example.org,(991)544-3311x909,Debbieberg,GA,Indonesia
584,Anita Hess,scottgeorge@example.com,339.664.6596x7373,Paulamouth,WV,Greece
585,Jeff Foster,johnny38@example.org,(977)251-9395,Lisashire,NV,Mali
586,Ronald Graham,yoderdaniel@example.org,8817728947,Mezabury,OR,Serbia
587,Katherine Rios,ashleyvictoria@example.org,+1-871-265-7794x06588,Averychester,CT,Cote d'Ivoire
588,Victoria Smith,penny68@example.com,(275)517-5931x149,New Lisamouth,AL,Macao
589,Andrew Bradshaw,yrangel@example.com,+1-823-417-9189,North Tammy,MD,Panama
590,Dana Gutierrez,juliehutchinson@example.com,750-613-4407x92128,West Alanville,LA,Timor-Leste
591,Stephanie Dunn,hannah92@example.com,530.290.9926x9309,Gouldmouth,UT,South Georgia and the South Sandwich Islands
592,Dawn Romero,beckynguyen@example.net,305.202.7804x40537,Emilybury,IN,Guinea-Bissau
593,Laura Rivera,christopher11@example.com,909.931.9159,Lake Teresa,TN,Portugal
594,Katherine Adams,barbarapatel@example.com,623-396-4358x137,Gallowaystad,LA,Sweden
595,Jesus Carter,singhamanda@example.com,+1-895-372-7877x0523,Port Jeffrey,PR,Norfolk Island
596,Michael Gardner,matthewschristopher@example.net,+1-931-611-6922,North Charles,HI,Iran
597,Joseph Hart,debra70@example.org,692.598.2331x41100,North Shannon,MP,Zimbabwe
598,Sarah Cook,hernandezbrett@example.org,(430)819-3889x7379,Kiddport,ME,Martinique
599,Rachel Diaz,wardsusan@example.net,2267110075,Lake Mariaville,PA,Haiti
600,Michael Larson,zbrewer@example.org,9078479585,East Shannon,CA,Malta
601,Allison Johnson,qlam@example.com,001-717-609-8932x9554,North Jorgeberg,MI,Saint Martin
602,Tamara Walton,harveykenneth@example.org,(803)859-7265,North Anna,MO,Zambia
603,Brandi Adams,norman25@example.net,(546)936-9535x178,Lake Mark,VI,Guyana
604,Emma Jones,davidharrison@example.com,001-230-851-7544,Nguyenhaven,RI,Albania
605,Elizabeth Patterson,alyssa19@example.org,(315)866-1243x14464,North Cherylfort,ID,Azerbaijan
606,Melinda Sims,mbutler@example.com,+1-540-874-3983,Greenefurt,IL,Guernsey
607,Maria Jenkins,longsabrina@example.net,001-573-991-3198x428,Edwardsfort,CO,Botswana
608,Larry Sims,william78@example.com,001-376-261-4298,Davidport,FL,Mayotte
609,Justin Harding,jessicanewman@example.net,(643)496-6288x77275,North Rachael,DE,Vanuatu
610,Benjamin Smith,christopherhampton@example.org,453-200-0768x77366,Port Joville,KY,Kazakhstan
611,Michael Moss,owensgrace@example.com,932-659-1353x43220,Floresstad,OK,Ireland
612,Jacqueline Pena,amarshall@example.net,+1-202-427-4210x26903,Tanyaborough,AS,Qatar
613,Alejandro Haynes,dunnelizabeth@example.com,(675)801-5488,Julianfort,TX,San Marino
614,Paul Stevens,rodney82@example.net,(222)236-6443x9847,West Johnfort,MA,Liberia
615,Timothy Ramirez,jwilliams@example.org,001-710-440-0465x5439,Robertstad,IN,Romania
616,Robert Smith,carl79@example.org,001-853-390-2418x772,Velazquezbury,MO,Tuvalu
617,Shelby Butler,michellemcdaniel@example.org,330.271.9461,North Hollyhaven,AK,Israel
618,Erin Moran,bennettdaniel@example.com,460.663.2641,East Michael,TN,Puerto Rico
619,Erik Howell,gregory09@example.net,(541)946-0700x41624,New David,NJ,Taiwan
620,Stephanie Smith,bellalex@example.net,+1-501-261-3965x338,Amytown,NC,Comoros
621,Mark Moore,zking@example.com,915.665.4026,Lake Katherineberg,WA,Moldova
622,Jeffrey Johnson,sbyrd@example.net,7334705933,Lake Mark,VI,Isle of Man
623,Elizabeth Singh,kimberly70@example.net,239-302-3570,Duranfort,PR,Iran
624,Kelly Bond,efleming@example.com,381.566.2218x621,South Haileyfort,KY,Montserrat
625,Curtis Hall,vegasherry@example.org,001-869-748-4307x4596,West Terrifurt,MO,Congo
626,Blake Brown,jonathansimmons@example.com,3672456969,Mariefurt,MT,Ukraine
627,Patrick Estes,phillipsjacob@example.net,2376416022,South Phillipfort,GU,Iraq
628,Crystal Gonzales,nathaniel07@example.net,001-692-207-1252x14545,New Peter,HI,Lao People's Democratic Republic
629,Melissa Valencia,mallorycase@example.com,300.307.6051,South Ashley,NY,Pitcairn Islands
630,Rodney Carter,wilsonjeremy@example.net,983.754.2934,New Emily,RI,Pakistan
631,Sarah Torres,troy56@example.net,4055820510,South Jeffrey,WY,Andorra
632,Abigail Ward,james09@example.net,(247)917-7421x80308,Mitchellville,VA,Mali
633,Douglas Harris,katelynenglish@example.org,(643)300-9814x907,Klineport,LA,New Caledonia
634,Matthew Simpson,steven17@example.com,878-494-9364,East Jerrymouth,WI,Ghana
635,Elizabeth Cole,pwilson@example.org,703-480-0817x92572,Leemouth,IA,Timor-Leste
636,William Potter,hmcdaniel@example.net,001-454-936-7954x28522,Port Angela,HI,Saint Martin
637,Tracy Yoder,emily15@example.net,768.951.7945x594,New Cheryl,MA,Taiwan
638,Jacob Riddle,michellereynolds@example.net,807-220-7905,Lake Aliciaburgh,WA,Croatia
639,Matthew Mcclure,miranda45@example.org,809-590-4473,Sethside,AK,Anguilla
640,Denise Fletcher,jason41@example.net,577.731.4305x153,Muellerburgh,GU,Guinea
641,Jennifer Martin,manuel02@example.net,001-563-433-5676x02145,West Lisa,PR,Vietnam
642,Kent Wilson,morganfloyd@example.com,864-956-2521x28574,South Kimberlyberg,KY,Gambia
643,James Romero,hernandeztyler@example.com,466-849-1684x7056,Joshuafurt,NV,Cape Verde
644,Ashley Rivera,johnsonnicholas@example.net,001-617-944-2670x916,Griffinstad,AZ,Bahamas
645,Alexis Bennett,gonzalezmelissa@example.org,955.623.8214,New Johnstad,NE,Ecuador
646,Kim Ellis,garciajoshua@example.com,001-419-353-5069x913,Lake Tylertown,ME,Palestinian Territory
647,Keith Oconnell,bensonronald@example.org,2403541145,Patrickbury,KY,Zimbabwe
648,Jacob Stevens,cbowers@example.net,7058321006,North Susan,AK,Maldives
649,Karen Leblanc,ospencer@example.net,5413912429,New Beverlyville,IL,Andorra
650,Gregory Gonzales,wbrewer@example.org,(471)911-8330x2536,Churchville,AK,Saint Kitts and Nevis
651,Carrie Owen,james87@example.org,848-502-1531,Alexanderville,FL,Fiji
652,Steven Thomas DVM,phillipskelli@example.org,+1-732-884-1113x49958,Kennethborough,PW,Tuvalu
653,Tristan Juarez,adamsallen@example.net,970.324.8408x89799,Valerieborough,VT,Papua New Guinea
654,Rebecca Garcia DVM,wroman@example.net,9995622215,North Coreyport,MD,China
655,Stephen Stevens,bstephens@example.net,797-430-9535,Johnport,PR,North Macedonia
656,Ashley Martin,jacksonannette@example.com,(656)930-5176x300,Port Andrewstad,KS,Paraguay
657,Sheri Randall,karenritter@example.org,001-590-244-9476x03764,New Jamesfort,GA,Netherlands Antilles
658,Gabriel Wood,stonejoshua@example.com,442.497.2002,Mollymouth,NH,Guyana
659,Robert Edwards,scottryan@example.net,(364)880-9652,Carolbury,OH,Maldives
660,Thomas Mclean,josephabbott@example.net,327-289-7393,North Maryberg,MA,Cyprus
661,Amanda Johnson,ewarner@example.com,730-713-1711,Alexandershire,AL,Marshall Islands
662,David Fitzgerald,blackmaria@example.com,690-549-0053,North Donna,PR,Puerto Rico
663,Patrick Graves DDS,johnlee@example.org,585-641-9434x2048,Thompsonberg,AZ,Brunei Darussalam
664,William Lewis,kimberly92@example.net,001-960-435-1133x877,Lake Sarahberg,MD,Tunisia
665,Timothy Garrison,jamesroth@example.com,602-302-3325,Port Aaron,CT,Greece
666,Susan Powers,riveramichael@example.com,(852)367-8687x23710,South Samueltown,NC,Iran
667,Robin Lewis,douglasbenitez@example.org,476-872-1162x47858,Port Jessica,MA,Slovakia (Slovak Republic)
668,James Keller,scottcollins@example.net,390.572.8086,North Lisafurt,UT,Norfolk Island
669,Caroline Allen,wturner@example.com,936.922.5460,South Colleentown,AK,Benin
670,Claudia Huff MD,ybooth@example.com,224-981-5504,New Lancechester,MH,Northern Mariana Islands
671,Lindsey Ferguson,samuel60@example.org,001-511-642-6424x99313,East Danielleport,WV,Bermuda
672,Ms. Angela Cochran DDS,brittany83@example.net,872.942.3291x219,Port Elizabeth,ID,Somalia
673,Jennifer Wade,shannon31@example.net,(315)390-0774x1527,Stanleyport,MH,Kenya
674,Jennifer Johnson,bmoore@example.org,476.770.3968x601,East Lindatown,OR,Madagascar
675,Kimberly Arnold,josephkelly@example.com,001-887-970-7001x050,Weberfort,AK,Tunisia
676,Anthony Snyder,evaughn@example.org,(711)995-4295,South Steven,WI,Lithuania
677,Claudia Williams,kimberlymccoy@example.org,740-338-3633x3884,Jessicaberg,MD,United States Minor Outlying Islands
678,Brandon Fox,sharonpreston@example.net,(845)541-4233,West Petermouth,TN,Colombia
679,Carol Miller,jacqueline21@example.org,(345)823-6959x350,Cynthiaport,MA,Bahamas
680,Tiffany Shelton,xdiaz@example.com,2943683945,Christopherhaven,DC,Serbia
681,Carrie Mcneil,williammoore@example.org,376-533-7211x03368,Casechester,AR,Cocos (Keeling) Islands
682,Meghan Taylor,matthew02@example.org,203.511.4274x1447,Millerchester,NV,United Kingdom
683,Patrick Parker,ujones@example.net,698-508-4529,Lake Lawrencebury,ND,Armenia
684,Tara Patterson,jesus08@example.net,+1-890-683-4070x380,Stevenview,CO,Netherlands Antilles
685,Robert Bishop,richmondmichael@example.net,(949)510-6953x62498,Longville,AK,Seychelles
686,Breanna Lynch,zunigajessica@example.net,8993154891,Port Michellehaven,WV,Jamaica
687,Jamie Davenport,courtney30@example.org,777.513.0439,Lake Ellenville,CO,Greece
688,Amy Boyd,vsmith@example.org,5776730661,South Deborahport,TN,Equatorial Guinea
689,Jason Gonzalez,kjohnson@example.net,498-539-7695,Jenkinsside,CO,Niue
690,Kenneth Middleton,lmack@example.com,001-296-287-0488x7138,Tylerport,OK,Falkland Islands (Malvinas)
691,Nicholas Salazar,smurphy@example.org,962-740-5591,Harrisville,MN,Jordan
692,Brian Cunningham Jr.,toddrichards@example.net,394.682.8735x7304,Walkerton,MN,Guadeloupe
693,Nicole Bush,watsonannette@example.com,994-399-6684,South Emily,NH,Malaysia
694,Seth Espinoza,robert92@example.org,+1-786-398-8237x736,South Summer,SD,Egypt
695,Amber Parker,jacobbrown@example.net,555.926.3856x62218,South Dianaside,OK,Taiwan
696,Christopher Fernandez,victor73@example.org,(376)264-9983x71335,Smithview,IA,Australia
697,George Ford,rowens@example.com,(793)286-4992x878,New Debbieville,AS,Antarctica (the territory South of 60 deg S)
698,Kelsey Barrett,karmstrong@example.org,4632213812,Banksstad,MI,Montserrat
699,Brandon Herrera,nicholas80@example.net,(942)947-1256,Victorstad,AK,Korea
700,Madeline Austin,melissafloyd@example.net,(566)503-2525x80983,Cynthiaborough,GA,Uruguay
701,Briana Wright,qhale@example.net,3714636857,Phillipmouth,AK,Libyan Arab Jamahiriya
702,Tony Dean,brandon77@example.net,812.901.3787x9153,Onealburgh,PW,Romania
703,Christopher Smith,donnawilson@example.net,920-396-8090,Cassandramouth,AS,Namibia
704,Lynn Smith,austin25@example.com,001-295-520-9103x351,Saratown,MS,Greenland
705,Martin Norris,georgegalvan@example.net,+1-622-843-9105,West Anneview,MP,Djibouti
706,Eric Cunningham,marilyn65@example.net,447-656-2407x57389,Port Amandastad,WA,Mozambique
707,Tracy Johnson,christopher54@example.org,2016192396,Duffyport,TN,Monaco
708,Brian Smith,richard99@example.org,(478)891-7423x5485,South Jamesfort,NE,French Polynesia
709,Cameron Potts,richardramirez@example.net,(803)560-3043x1907,Riverabury,HI,Belgium
710,Bailey Collier,joshua82@example.net,+1-815-285-7802x226,New Anthonychester,CO,Gabon
711,Peter Ford,emilywalters@example.net,(769)921-7713x33263,Willisberg,UT,British Virgin Islands
712,Amanda Smith,deborah06@example.com,+1-865-647-0757,Lake Saraburgh,NM,Malaysia
713,Linda Jones,kellyjennifer@example.com,620.321.5665x974,New Dianefort,NH,Iceland
714,Garrett Carter,ramosdennis@example.com,8265723849,Cherylshire,WI,Comoros
715,Marcus Nguyen,watsonmichael@example.net,001-336-851-5111x6827,South Brian,NE,Romania
716,Melanie Thompson,aliciabass@example.com,+1-989-235-3779,Pamelaland,SC,Burkina Faso
717,Ashley Sharp,kellycordova@example.org,423.389.6214x672,Smithfort,MN,Colombia
718,Gina Lopez,adelacruz@example.org,(625)216-5656,Laurabury,VA,Tonga
719,Ethan Johnson,watsonderek@example.net,957.934.4544x3093,Gregoryview,WA,Tuvalu
720,Heather Peterson,spencerkelsey@example.com,750-983-6183,Ericborough,DC,Brunei Darussalam
721,Ashley Sims,jasonwhitehead@example.com,2517369328,Patelburgh,NM,Turks and Caicos Islands
722,Jeremy Hall,otran@example.com,+1-862-468-4443,Richardchester,TN,Turkmenistan
723,Mrs. Jessica Kelly,carmen65@example.net,732.935.9492x1455,East Coreyfort,NJ,Panama
724,Joseph Henry,stephanie45@example.com,607-909-7043,Port Rickey,AZ,Lithuania
725,Austin Douglas,andrew66@example.net,679.349.9264x4294,East Margaret,CO,Sudan
726,Jeffrey Sloan,greenbrittany@example.net,001-784-867-1620x79468,South Annettechester,SD,Lithuania
727,James Lawson,alexa01@example.net,(274)287-2140x850,West Carriestad,GU,Turkey
728,Christina Smith,hwest@example.org,001-558-980-7804x54913,West Amber,MA,Montserrat
729,Tyler Mcintosh,panderson@example.org,(695)535-3931x253,Port Nichole,NM,Macao
730,Connor Fields,gloriastephenson@example.org,+1-773-520-4721x5686,Paulafort,NC,Cyprus
731,Ashlee English,shannon08@example.net,310.267.0618x43949,Coryland,HI,Mali
732,Amy Ramirez,andrewjackson@example.com,+1-954-727-1410,Travisville,UT,New Caledonia
733,David Brady,jesusmueller@example.com,944.331.2806,Rogershaven,LA,Chad
734,Kimberly Cook,colleen60@example.org,934.815.2292,Lawrencechester,MP,Fiji
735,Andrew Wade,ramoskyle@example.com,733-932-1849x7373,Martinton,OK,Iraq
736,Fred Moses,dmckinney@example.org,409-404-5358x1217,New Misty,AL,Montenegro
737,Jennifer Jordan,hansenbrian@example.net,579.356.8741x302,Rogersside,MI,Azerbaijan
738,Tracey Allen,elliottjoshua@example.org,+1-310-500-1445x9325,Williamfort,MD,Tokelau
739,Daniel Gonzalez,steven94@example.com,001-220-974-2566,Brittanyburgh,IN,Sudan
740,Erica Tyler,kennedyjamie@example.com,(365)536-5283x6792,Sophiafurt,WI,Bulgaria
741,Christopher Neal,xberry@example.org,001-626-393-9436x55917,Potterton,OR,Kuwait
742,Andrew Potter,kgraham@example.org,3186756524,North Donald,IL,Sri Lanka
743,Patricia Mccarthy,robert16@example.net,477.297.1879x92348,North Jasminestad,MA,Mexico
744,Cody Guzman II,christina85@example.org,001-301-327-1544,Biancaview,DC,Venezuela
745,Jessica Reed,steven00@example.org,666-792-4203x59625,Kimberlyberg,IN,Hong Kong
746,Peter Bradley,heather48@example.com,001-415-941-9346,Tammychester,ID,Azerbaijan
747,William Hubbard,jamessuarez@example.org,001-371-295-8751x78904,Stewartshire,MA,Belarus
748,Lori Shepard,samuelbrooks@example.com,539.639.1676,New Juliantown,IL,Dominica
749,Kimberly Turner,richard45@example.com,(625)953-0638x6166,North Hannah,MD,Bolivia
750,Mr. Michael Blake,gryan@example.org,001-676-318-7288x280,Lake Brianfurt,WV,San Marino
751,Jared Clements,wfrost@example.com,001-675-968-0764x0600,Lopezfort,MN,Ethiopia
752,Anita Carson,jeremy39@example.org,742.356.9909,Port Cheryl,GA,Panama
753,Sheila Bradford MD,michael64@example.net,001-656-818-2866,Lake Amy,AZ,Russian Federation
754,Toni Hickman,leemarvin@example.com,391.738.3987x1078,Port Jessica,NE,Central African Republic
755,Hailey Ford,lgardner@example.net,+1-998-280-3541x6780,North Elizabeth,OR,Malaysia
756,Jacqueline Stewart,katherine87@example.com,+1-272-905-6647,Christianton,ND,Hungary
757,Miss Cindy Kramer MD,aprilconway@example.com,001-322-481-1895,North Heather,DC,Indonesia
758,Megan Brown,pmiddleton@example.net,362-515-6519x03507,Stacieland,NE,Iran
759,Jose Gibbs,jefferygreen@example.net,999.306.3336,Foleytown,AZ,British Virgin Islands
760,John Molina,rickeywalters@example.com,(594)867-6859,Rodriguezview,NC,Uruguay
761,Monique Jimenez,seaton@example.org,+1-876-806-8546x86564,South Patricia,MD,Mali
762,Joanna Young,amanda65@example.com,(610)976-7945,Port Christopherport,IA,Cameroon
763,Brian Morrison,chapmanashley@example.com,543.403.4500x017,West Ericton,WV,Netherlands Antilles
764,Vincent Kelley,ibass@example.org,(928)397-3299,South Eduardoberg,DE,Ireland
765,Taylor Taylor,kaylamartinez@example.org,614-434-9791,Jonesside,PW,Central African Republic
766,Melanie Mccarthy,bridgesjimmy@example.com,970.249.2255x226,South Charles,RI,Heard Island and McDonald Islands
767,James Nelson,obrienderek@example.net,6238029056,North Angela,MA,Monaco
768,Erica Adams,michaelclark@example.org,453.596.0560x809,East Daniel,IA,Saint Martin
769,Dawn Reed,elizabeth16@example.org,641.539.0210x96033,Port Candiceshire,UT,Greenland
770,John Baker,tkeith@example.org,001-751-429-7300,Cherryhaven,MO,Niger
771,Makayla Sanchez,dale75@example.net,203.635.4063x63974,Romanside,KS,Macao
772,Matthew Preston,bakerdavid@example.net,(439)328-2445,Lake Vickieport,NV,Malawi
773,James Barton,kcaldwell@example.net,9515211636,New Brendamouth,VT,Djibouti
774,Gina Gutierrez,mooremary@example.com,458.367.4889x1719,Lake Tracyville,NV,Saint Vincent and the Grenadines
775,William Terrell,daniel46@example.org,(835)501-5512x1650,Heathermouth,GU,Portugal
776,Charles Fuller,lozanodarrell@example.org,865-628-7057,South Michellefurt,KY,Senegal
777,Alex Wilson,wesleyrowland@example.com,412.587.3243,South Mary,AK,Belize
778,Carla Jones,fsmith@example.com,312.399.2518,New Madisontown,NE,Ecuador
779,Daniel Haley,vramos@example.com,853.451.2209,Webbfort,OK,Martinique
780,Katherine Brewer,dianekane@example.net,354.294.9605,Adamland,MP,Kiribati
781,Christine Martinez,julie67@example.org,001-352-867-6053x891,East Darrylburgh,VA,Lao People's Democratic Republic
782,Brandon Lewis,daniel12@example.com,861.984.5987x710,Larsenland,MD,Zimbabwe
783,Timothy Wright,bassmichelle@example.net,+1-200-924-4910,Starkborough,MI,Japan
784,Dean Holder,davidsonnicholas@example.com,001-237-462-3272,East Meghan,GA,Morocco
785,Amanda Campbell,swansonnicole@example.net,(507)388-1745,Michaelshire,MI,Western Sahara
786,Daniel Hinton,richard45@example.com,+1-273-405-7690x523,Shellyborough,HI,Switzerland
787,Amanda Watkins,psmith@example.org,5302663019,North James,NH,Martinique
788,Abigail Bryant,swansonamanda@example.org,(714)692-5230x25177,North Rubenside,NC,Turkmenistan
789,Madison Ware,meagan79@example.com,957.864.8651x181,Kirkhaven,WV,Costa Rica
790,Rachael Edwards,arellanorobert@example.net,692-973-1312,Donaldsonton,TN,Costa Rica
791,Charles Johnson,nicole73@example.net,+1-506-288-7144x5409,Josephhaven,AZ,Panama
792,Carrie Allen,hthomas@example.com,+1-252-677-0830x2608,Mcgrathland,DE,Saint Kitts and Nevis
793,Judy Kirby,jessica55@example.com,(747)905-3887,Port Danielview,VT,Namibia
794,Nathan Rosales,timothyrodriguez@example.com,(681)669-3262,Jasonshire,TN,Chad
795,Chad Long,daltonbrandy@example.net,517.769.7197x475,Simmonsfurt,OH,Japan
796,Nichole Trevino,alishagregory@example.net,504-656-1529,New Jessicamouth,AZ,Cote d'Ivoire
797,Jerome Castillo,jasmin88@example.com,629-244-4809,East Jocelyn,KY,Papua New Guinea
798,Dillon Coleman,nicholas73@example.org,001-454-818-9225,East Jilltown,HI,Paraguay
799,Holly Rodriguez,paulreyes@example.net,435.630.6155x57723,Garciatown,SC,Cayman Islands
800,Richard Gray,mhorn@example.net,+1-920-761-3871,Kathrynview,CT,Slovenia
